厂商名,域名,厂商级别,厂商排位,严重最高奖励,高危最高奖励,中危最高奖励,低危最高奖励
币安网,https://www.binance-cn.com/,A,9,无上限,无上限,3.0 ETH,0.6 ETH
火币全球站,https://www.huobi.vn/,A,9,无上限,无上限,3.0 ETH,0.6 ETH
Coinbase Pro,https://pro.coinbase.com/,A,8,无上限,无上限,2.41 ETH,0.54 ETH
BitMEX,https://www.bitmex.com/,A,8,无上限,无上限,2.41 ETH,0.54 ETH
OKEX,https://www.okex.com,A,8,无上限,无上限,2.41 ETH,0.54 ETH
B网(Bittrex),https://bittrex.com,B,7,3.0 ETH,1.6 ETH,0.7 ETH,0.4 ETH
Bitfinex,https://www.bitfinex.com,B,7,3.0 ETH,1.6 ETH,0.7 ETH,0.4 ETH
bitFlyer,https://bitflyer.jp/,B,7,3.0 ETH,1.6 ETH,0.7 ETH,0.4 ETH
ZB网,https://www.zb.com,B,7,3.0 ETH,1.6 ETH,0.7 ETH,0.4 ETH
Bitstamp,https://www.bitstamp.net,B,7,3.0 ETH,1.6 ETH,0.7 ETH,0.4 ETH
K网(Kraken),https://www.kraken.com,B,7,3.0 ETH,1.6 ETH,0.7 ETH,0.4 ETH
Upbit,https://upbit.com/home,B,7,3.0 ETH,1.6 ETH,0.7 ETH,0.4 ETH
P网(Poloniex),https://poloniex.com,B,7,3.0 ETH,1.6 ETH,0.7 ETH,0.4 ETH
HitBTC,https://hitbtc.com,B,7,3.0 ETH,1.6 ETH,0.7 ETH,0.4 ETH
Bithumb,https://www.bithumb.com/,B,7,3.0 ETH,1.6 ETH,0.7 ETH,0.4 ETH
MXC,https://www.mxc.com,B,7,3.0 ETH,1.6 ETH,0.7 ETH,0.4 ETH
Liquid,https://www.liquid.com/,B,7,3.0 ETH,1.6 ETH,0.7 ETH,0.4 ETH
gate.io,https://gateio.news/,B,6,2.53 ETH,1.49 ETH,0.66 ETH,0.34 ETH
A网(AOFEX),https://aofex.com,B,6,2.53 ETH,1.49 ETH,0.66 ETH,0.34 ETH
Bibox,https://www.bibox.com/,B,6,2.53 ETH,1.49 ETH,0.66 ETH,0.34 ETH
ZG.com,https://www.zg.com/,B,6,2.53 ETH,1.49 ETH,0.66 ETH,0.34 ETH
双子星,https://gemini.com/,B,6,2.53 ETH,1.49 ETH,0.66 ETH,0.34 ETH
IDAX,https://www.idax.pro/,B,6,2.53 ETH,1.49 ETH,0.66 ETH,0.34 ETH
BitZ,https://www.bitz.top/,B,6,2.53 ETH,1.49 ETH,0.66 ETH,0.34 ETH
BiKi,https://www.biki.com,B,6,2.53 ETH,1.49 ETH,0.66 ETH,0.34 ETH
Bitget,https://www.bitget.cc/,B,6,2.53 ETH,1.49 ETH,0.66 ETH,0.34 ETH
ZBG,https://www.zbg.com/,B,6,2.53 ETH,1.49 ETH,0.66 ETH,0.34 ETH
币赢国际站,https://www.coinw.ai/,B,6,2.53 ETH,1.49 ETH,0.66 ETH,0.34 ETH
BKEX,https://www.bkex.vip,B,6,2.53 ETH,1.49 ETH,0.66 ETH,0.34 ETH
T网,https://www.tokencan.net,B,6,2.53 ETH,1.49 ETH,0.66 ETH,0.34 ETH
CoinTiger,https://www.cointiger.com/,B,6,2.53 ETH,1.49 ETH,0.66 ETH,0.34 ETH
瓦特交易所,https://www.wbf.io/,B,6,2.53 ETH,1.49 ETH,0.66 ETH,0.34 ETH
BG交易所,http://www.bg.ink,B,6,2.53 ETH,1.49 ETH,0.66 ETH,0.34 ETH
币团网(Bituan),http://www.bituan.cc/,B,6,2.53 ETH,1.49 ETH,0.66 ETH,0.34 ETH
ZT,https://www.zt.com/,B,6,2.53 ETH,1.49 ETH,0.66 ETH,0.34 ETH
BTB.io,https://www.btb.io/,B,6,2.53 ETH,1.49 ETH,0.66 ETH,0.34 ETH
DigiFinex,https://www.digifinex.com,B,6,2.53 ETH,1.49 ETH,0.66 ETH,0.34 ETH
LBank,https://www.lbkex.co/,B,6,2.53 ETH,1.49 ETH,0.66 ETH,0.34 ETH
ZZEX,https://www.zzex.me/,B,6,2.53 ETH,1.49 ETH,0.66 ETH,0.34 ETH
ZG.TOP,https://zg.top/,B,6,2.53 ETH,1.49 ETH,0.66 ETH,0.34 ETH
雷盾交易所,https://www.loex.io,B,6,2.53 ETH,1.49 ETH,0.66 ETH,0.34 ETH
A网(AEX),https://www.aex.plus/,B,6,2.53 ETH,1.49 ETH,0.66 ETH,0.34 ETH
FUBT,https://www.fubt.com,B,6,2.53 ETH,1.49 ETH,0.66 ETH,0.34 ETH
HCoin,https://www.hcoin86.com/,B,6,2.53 ETH,1.49 ETH,0.66 ETH,0.34 ETH
BitMart,https://www.bitmart.com/,C,5,1.4 ETH,1.2 ETH,0.6 ETH,0.15 ETH
BIONE,https://www.bione.cc/,C,5,1.4 ETH,1.2 ETH,0.6 ETH,0.15 ETH
BigONE,https://big.one,C,5,1.4 ETH,1.2 ETH,0.6 ETH,0.15 ETH
Q网,https://www.qbtc.ink/,C,5,1.4 ETH,1.2 ETH,0.6 ETH,0.15 ETH
VVBTC,https://www.vvbtc.com,C,5,1.4 ETH,1.2 ETH,0.6 ETH,0.15 ETH
东方交易所,https://www.dfex.com/,C,5,1.4 ETH,1.2 ETH,0.6 ETH,0.15 ETH
XT网,https://www.xt.com,C,5,1.4 ETH,1.2 ETH,0.6 ETH,0.15 ETH
YoBit,https://yobit.net,C,5,1.4 ETH,1.2 ETH,0.6 ETH,0.15 ETH
币权全球站,http://www.bqex.vip/,C,5,1.4 ETH,1.2 ETH,0.6 ETH,0.15 ETH
BFX合约平台,https://www.bfx.nu,C,5,1.4 ETH,1.2 ETH,0.6 ETH,0.15 ETH
EXX,https://www.exx.com/,C,5,1.4 ETH,1.2 ETH,0.6 ETH,0.15 ETH
大币网,https://www.dcoin.pro/,C,5,1.4 ETH,1.2 ETH,0.6 ETH,0.15 ETH
牛顿交易所,https://www.newtonslaw.com/,C,5,1.4 ETH,1.2 ETH,0.6 ETH,0.15 ETH
Coinone,https://coinone.co.kr/,C,5,1.4 ETH,1.2 ETH,0.6 ETH,0.15 ETH
KuCoin,https://www.kcs.top/,C,5,1.4 ETH,1.2 ETH,0.6 ETH,0.15 ETH
COINBIG,https://www.coinbig.org/,C,5,1.4 ETH,1.2 ETH,0.6 ETH,0.15 ETH
热币全球,https://www.hotcoinex.com/,C,5,1.4 ETH,1.2 ETH,0.6 ETH,0.15 ETH
FCoin,https://www.fcoin.com/,C,5,1.4 ETH,1.2 ETH,0.6 ETH,0.15 ETH
胖比特,https://www.fatbtc.com,C,5,1.4 ETH,1.2 ETH,0.6 ETH,0.15 ETH
99EX,https://www.99ex.com/,C,5,1.4 ETH,1.2 ETH,0.6 ETH,0.15 ETH
CoinBene,https://www.coinbene.vip/,C,5,1.4 ETH,1.2 ETH,0.6 ETH,0.15 ETH
币对,https://www.coin-dy.com/,C,5,1.4 ETH,1.2 ETH,0.6 ETH,0.15 ETH
BCEX,https://www.bcex.hk,C,5,1.4 ETH,1.2 ETH,0.6 ETH,0.15 ETH
Coincheck,https://coincheck.com/,C,5,1.4 ETH,1.2 ETH,0.6 ETH,0.15 ETH
币帝,https://www.bdw.top/,C,5,1.4 ETH,1.2 ETH,0.6 ETH,0.15 ETH
币多多,https://www.bddex.io/,C,5,1.4 ETH,1.2 ETH,0.6 ETH,0.15 ETH
GJ比特国际,https://www.gj.com,C,5,1.4 ETH,1.2 ETH,0.6 ETH,0.15 ETH
CC Global,https://www.2c.ltd/,C,5,1.4 ETH,1.2 ETH,0.6 ETH,0.15 ETH
OCX,https://www.ocx.app/,C,5,1.4 ETH,1.2 ETH,0.6 ETH,0.15 ETH
GOKO,https://www.goko.com/,C,5,1.4 ETH,1.2 ETH,0.6 ETH,0.15 ETH
CEO交易所,https://www.ceobi.com/,C,4,1.3 ETH,1.25 ETH,0.53 ETH,0.15 ETH
比太网,https://www.btex.com/,C,4,1.3 ETH,1.25 ETH,0.53 ETH,0.15 ETH
C网(CITEX),https://www.citex.io/,C,4,1.3 ETH,1.25 ETH,0.53 ETH,0.15 ETH
海特币,https://www.hetbi.com/,C,4,1.3 ETH,1.25 ETH,0.53 ETH,0.15 ETH
Bitbank,https://bitbank.cc,C,4,1.3 ETH,1.25 ETH,0.53 ETH,0.15 ETH
币星BitSG,https://www.bitsg.com/,C,4,1.3 ETH,1.25 ETH,0.53 ETH,0.15 ETH
新币全球站,https://www.xinbipro.com/,C,4,1.3 ETH,1.25 ETH,0.53 ETH,0.15 ETH
QB.COM,https://www.qb.com/,C,4,1.3 ETH,1.25 ETH,0.53 ETH,0.15 ETH
龙网,https://dragonex.io/,C,4,1.3 ETH,1.25 ETH,0.53 ETH,0.15 ETH
币网,https://www.bw.io/,C,4,1.3 ETH,1.25 ETH,0.53 ETH,0.15 ETH
RightBTC,https://www.rightbtc.pro/,C,4,1.3 ETH,1.25 ETH,0.53 ETH,0.15 ETH
支点(ZDCoin),https://www.zdcoin.app/,C,4,1.3 ETH,1.25 ETH,0.53 ETH,0.15 ETH
GGBTC,https://www.ggbtc.com,C,4,1.3 ETH,1.25 ETH,0.53 ETH,0.15 ETH
牛盾交易所,https://www.newtonx.vip/,C,4,1.3 ETH,1.25 ETH,0.53 ETH,0.15 ETH
Exmo,https://exmo.com/,C,4,1.3 ETH,1.25 ETH,0.53 ETH,0.15 ETH
BTCC,https://www.bt.cc,C,4,1.3 ETH,1.25 ETH,0.53 ETH,0.15 ETH
Zaif,https://zaif.jp,C,4,1.3 ETH,1.25 ETH,0.53 ETH,0.15 ETH
Hubi,https://www.hubi.com/,C,4,1.3 ETH,1.25 ETH,0.53 ETH,0.15 ETH
BHEX,https://www.bhex.com/,C,4,1.3 ETH,1.25 ETH,0.53 ETH,0.15 ETH
无界交易所,http://www.iotuyy.com,C,4,1.3 ETH,1.25 ETH,0.53 ETH,0.15 ETH
HPX,https://www.hpx.ai/,C,4,1.3 ETH,1.25 ETH,0.53 ETH,0.15 ETH
星客,https://www.silktraderdk.net,C,4,1.3 ETH,1.25 ETH,0.53 ETH,0.15 ETH
IDCM,https://www.idcm.cc/,C,4,1.3 ETH,1.25 ETH,0.53 ETH,0.15 ETH
Bitzon,https://www.bitzon.com/,C,4,1.3 ETH,1.25 ETH,0.53 ETH,0.15 ETH
法拉第,https://www.ffex.pro/,C,4,1.3 ETH,1.25 ETH,0.53 ETH,0.15 ETH
币钻,https://www.bzex.co,C,4,1.3 ETH,1.25 ETH,0.53 ETH,0.15 ETH
牛市,https://www.niu.bar/,C,4,1.3 ETH,1.25 ETH,0.53 ETH,0.15 ETH
HOTBI,https://hotbi.io/,C,3,1.22 ETH,1.29 ETH,0.46 ETH,0.15 ETH
币君(BJEX),https://bjex.pro,C,3,1.22 ETH,1.29 ETH,0.46 ETH,0.15 ETH
TTF.ONE,https://www.ttf.one/,C,3,1.22 ETH,1.29 ETH,0.46 ETH,0.15 ETH
BTCBOX,https://www.btcbox.co.jp/,C,3,1.22 ETH,1.29 ETH,0.46 ETH,0.15 ETH
融币,https://www.rongbiexchange.com,C,3,1.22 ETH,1.29 ETH,0.46 ETH,0.15 ETH
亚交所,https://www.a.top/,C,3,1.22 ETH,1.29 ETH,0.46 ETH,0.15 ETH
Luno,https://www.luno.com,C,3,1.22 ETH,1.29 ETH,0.46 ETH,0.15 ETH
UP,https://www.up.top/,C,3,1.22 ETH,1.29 ETH,0.46 ETH,0.15 ETH
PKEX,https://www.pkex.cc/,C,3,1.22 ETH,1.29 ETH,0.46 ETH,0.15 ETH
UBEX,http://www.ubank.ai/,C,3,1.22 ETH,1.29 ETH,0.46 ETH,0.15 ETH
Rfinex,https://www.rfinex.com/,C,3,1.22 ETH,1.29 ETH,0.46 ETH,0.15 ETH
CFMcoin,http://web.cfmcoin.cn/,D,0,1000 BUX,500 BUX,200 BUX,50 BUX
GAEA,https://www.gmex.io,D,0,1000 BUX,500 BUX,200 BUX,50 BUX
币红,https://www.bihong.vip/,D,0,1000 BUX,500 BUX,200 BUX,50 BUX
Bybit,http://www.bybit.com,D,0,1000 BUX,500 BUX,200 BUX,50 BUX
TOP.ONE,https://www.top.one/,D,0,1000 BUX,500 BUX,200 BUX,50 BUX
BB.VIP,https://www.bb.vip/,D,0,1000 BUX,500 BUX,200 BUX,50 BUX
BEX,https://www.bex.io/,D,0,1000 BUX,500 BUX,200 BUX,50 BUX
币夫,https://www.bitforex.com/,D,0,1000 BUX,500 BUX,200 BUX,50 BUX
币尔,https://www.coineal.com/,D,0,1000 BUX,500 BUX,200 BUX,50 BUX
Hopex,https://www.hopex.com,D,0,1000 BUX,500 BUX,200 BUX,50 BUX
Uboex,https://www.uboex.org/,D,0,1000 BUX,500 BUX,200 BUX,50 BUX
IX交易所,https://ix.com/,D,0,1000 BUX,500 BUX,200 BUX,50 BUX
开心,https://web.kkkxxx.com/,D,0,1000 BUX,500 BUX,200 BUX,50 BUX
CoinEx,https://www.coinex.co/,D,0,1000 BUX,500 BUX,200 BUX,50 BUX
CoinMars,https://www.coinmars.io/,D,0,1000 BUX,500 BUX,200 BUX,50 BUX
EMEX,https://www.emex.cc/,D,0,1000 BUX,500 BUX,200 BUX,50 BUX
SnapEx,https://www.snapex.com/,D,0,1000 BUX,500 BUX,200 BUX,50 BUX
58COIN,https://www.58ex.com/,D,0,1000 BUX,500 BUX,200 BUX,50 BUX
币蛋,https://www.coinegg.vip/,D,0,1000 BUX,500 BUX,200 BUX,50 BUX
BBECOIN,https://www.bbecoin.com/,D,0,1000 BUX,500 BUX,200 BUX,50 BUX
Coinsuper,https://www.coinsuper.info/,D,0,1000 BUX,500 BUX,200 BUX,50 BUX
F8交易所,http://www.f8coin.in/,D,0,1000 BUX,500 BUX,200 BUX,50 BUX
TRBBEX,http://www.trbbex.com/,D,0,1000 BUX,500 BUX,200 BUX,50 BUX
MOMOEX,https://www.momoex.com/,D,0,1000 BUX,500 BUX,200 BUX,50 BUX
DXD,https://www.dxdcoin.com/,D,0,1000 BUX,500 BUX,200 BUX,50 BUX
澳交所全球,https://www.auxsto.com/,D,0,1000 BUX,500 BUX,200 BUX,50 BUX
6x交易站,https://www.6x.com,D,0,1000 BUX,500 BUX,200 BUX,50 BUX
壹比特,https://www.yibit.com/,D,0,1000 BUX,500 BUX,200 BUX,50 BUX
爱彼全球,https://www.abby.global/,D,0,1000 BUX,500 BUX,200 BUX,50 BUX
HKEx.one,https://www.hkex.one/,D,0,1000 BUX,500 BUX,200 BUX,50 BUX
LATOKEN,https://latoken.com/,D,0,1000 BUX,500 BUX,200 BUX,50 BUX
币系,https://bilaxy.com/,D,0,1000 BUX,500 BUX,200 BUX,50 BUX
CoinstylE,http://www.coinstyle.vip/,D,0,1000 BUX,500 BUX,200 BUX,50 BUX
BiUP,https://www.biup.com/,D,0,1000 BUX,500 BUX,200 BUX,50 BUX
BBKX,https://www.bbkx.com,D,0,1000 BUX,500 BUX,200 BUX,50 BUX
IC,http://icfo.org.cn/,D,0,1000 BUX,500 BUX,200 BUX,50 BUX
ST全球,https://www.stvip.pro/,D,0,1000 BUX,500 BUX,200 BUX,50 BUX
通交所,https://www.tokeneco.co/,D,0,1000 BUX,500 BUX,200 BUX,50 BUX
MGEX,http://mgex.co/,D,0,1000 BUX,500 BUX,200 BUX,50 BUX
Vcoin,https://www.vcoinex.cn/,D,0,1000 BUX,500 BUX,200 BUX,50 BUX
星币全球,https://www.xingbiex.com/,D,0,1000 BUX,500 BUX,200 BUX,50 BUX
比特现金,http://www.bitscash.top/,D,0,1000 BUX,500 BUX,200 BUX,50 BUX
FCoinJP,https://www.fcoinjp.com/,D,0,1000 BUX,500 BUX,200 BUX,50 BUX
Exrates,https://lk.exrates.me,D,0,1000 BUX,500 BUX,200 BUX,50 BUX
CBX,https://www.cbx.one,D,0,1000 BUX,500 BUX,200 BUX,50 BUX
SJS.COM,https://www.sjs.com/,D,0,1000 BUX,500 BUX,200 BUX,50 BUX
BICEX,https://www.bicex.co/,D,0,1000 BUX,500 BUX,200 BUX,50 BUX
Bgogo,https://bgogo.com,D,0,1000 BUX,500 BUX,200 BUX,50 BUX
宝币网,https://www.baobi.com/,D,0,1000 BUX,500 BUX,200 BUX,50 BUX
Hotbit,https://www.hotbit.io/,D,0,1000 BUX,500 BUX,200 BUX,50 BUX
币新,https://www.coinnew.io,D,0,1000 BUX,500 BUX,200 BUX,50 BUX
TOKOK,https://www.tokok.com/,D,0,1000 BUX,500 BUX,200 BUX,50 BUX
DCGCOIN,https://www.dcgcoin.com/,D,0,1000 BUX,500 BUX,200 BUX,50 BUX
BDEX,http://www.bdexbitcoin.com/,D,0,1000 BUX,500 BUX,200 BUX,50 BUX
BBC,http://www.bbcex.pro/,D,0,1000 BUX,500 BUX,200 BUX,50 BUX
比特希望,https://bithope.net,D,0,1000 BUX,500 BUX,200 BUX,50 BUX
UPEX,https://www.upex.io/,D,0,1000 BUX,500 BUX,200 BUX,50 BUX
IMX,https://www.imx.com,D,0,1000 BUX,500 BUX,200 BUX,50 BUX
贝壳国际,https://www.shellint.pro,D,0,1000 BUX,500 BUX,200 BUX,50 BUX
币市,https://www.biss.com/,D,0,1000 BUX,500 BUX,200 BUX,50 BUX
趣币网,https://www.qubi.top/,D,0,1000 BUX,500 BUX,200 BUX,50 BUX
QSQ,https://qsq.com/,D,0,1000 BUX,500 BUX,200 BUX,50 BUX
GQG,https://gqg.com/,D,0,1000 BUX,500 BUX,200 BUX,50 BUX
BitAsset,https://www.bitasset.com/,D,0,1000 BUX,500 BUX,200 BUX,50 BUX
财富交易所,https://www.ttex.com/,D,0,1000 BUX,500 BUX,200 BUX,50 BUX
KEX,https://www.kex.com/,D,0,1000 BUX,500 BUX,200 BUX,50 BUX
JEX,https://www.jex.com/,D,0,1000 BUX,500 BUX,200 BUX,50 BUX
R网,https://www.rankcoin.com/,D,0,1000 BUX,500 BUX,200 BUX,50 BUX
Fbsex.co,https://www.fbsex.co/,D,0,1000 BUX,500 BUX,200 BUX,50 BUX
AAcoin,http://www.aacoin.com/,D,0,1000 BUX,500 BUX,200 BUX,50 BUX
币多网,https://www.coinba.pro/,D,0,1000 BUX,500 BUX,200 BUX,50 BUX
币兴,https://www.bision.com/,D,0,1000 BUX,500 BUX,200 BUX,50 BUX
9coin,https://www.9coin.com,D,0,1000 BUX,500 BUX,200 BUX,50 BUX
Btuex,https://www.btuex.co/,D,0,1000 BUX,500 BUX,200 BUX,50 BUX
CEX,http://cex.plus,D,0,1000 BUX,500 BUX,200 BUX,50 BUX
多比交易平台,https://www.dobiexchange.com/,D,0,1000 BUX,500 BUX,200 BUX,50 BUX
币峰,https://www.befong.com,D,0,1000 BUX,500 BUX,200 BUX,50 BUX
BafeEx,https://www.bafeex.io/,D,0,1000 BUX,500 BUX,200 BUX,50 BUX
TSC,https://www.tsc100.vip/,D,0,1000 BUX,500 BUX,200 BUX,50 BUX
坚果,https://www.nutex.io,D,0,1000 BUX,500 BUX,200 BUX,50 BUX
OBit,https://www.obit.io/,D,0,1000 BUX,500 BUX,200 BUX,50 BUX
比特牛,https://www.btnex.pro/,D,0,1000 BUX,500 BUX,200 BUX,50 BUX
币民网,https://www.bimin.co/,D,0,1000 BUX,500 BUX,200 BUX,50 BUX
Ethfinex,https://www.ethfinex.com/,D,0,1000 BUX,500 BUX,200 BUX,50 BUX
BICC币交所,https://www.bi.cc,D,0,1000 BUX,500 BUX,200 BUX,50 BUX
TAIBI,https://www.taibi.io,D,0,1000 BUX,500 BUX,200 BUX,50 BUX
CoinCat,https://www.coincat.club,D,0,1000 BUX,500 BUX,200 BUX,50 BUX
比特兔交易所,https://bitrabbit.io/,D,0,1000 BUX,500 BUX,200 BUX,50 BUX
BitMax,https://www.btmx.com/,D,0,1000 BUX,500 BUX,200 BUX,50 BUX
7XEX,https://www.7xex.com/,D,0,1000 BUX,500 BUX,200 BUX,50 BUX
融安,https://www.ronance.com/,D,0,1000 BUX,500 BUX,200 BUX,50 BUX
UFO,https://www.ufo.club/,D,0,1000 BUX,500 BUX,200 BUX,50 BUX
GoCoin,http://www.gocoin.pro/,D,0,1000 BUX,500 BUX,200 BUX,50 BUX
COIN918,http://www.coin918.uk/,D,0,1000 BUX,500 BUX,200 BUX,50 BUX
XIN,https://www.hkbtc123.com/,D,0,1000 BUX,500 BUX,200 BUX,50 BUX
糖果交易所,https://www.51tg.vip/,D,0,1000 BUX,500 BUX,200 BUX,50 BUX
BITCHEN,https://www.bitchen.io/,D,0,1000 BUX,500 BUX,200 BUX,50 BUX
币和,https://www.bibr.co/,D,0,1000 BUX,500 BUX,200 BUX,50 BUX
KKCoin,https://www.kkcoin.com,D,0,1000 BUX,500 BUX,200 BUX,50 BUX
Bithumb Global,https://www.bithumb.global,D,0,1000 BUX,500 BUX,200 BUX,50 BUX
LongBit,http://www.longbit.com/,D,0,1000 BUX,500 BUX,200 BUX,50 BUX
CoinMex,https://www.coinmex.com/,D,0,1000 BUX,500 BUX,200 BUX,50 BUX
币全,https://www.coinall.com/,D,0,1000 BUX,500 BUX,200 BUX,50 BUX
怪兽市场,https://www.mser.one/,D,0,1000 BUX,500 BUX,200 BUX,50 BUX
Xstar,https://www.xstar.io/,D,0,1000 BUX,500 BUX,200 BUX,50 BUX
币诺,https://coinoah.com/,D,0,1000 BUX,500 BUX,200 BUX,50 BUX
DBKtop,https://www.dbktop.com,D,0,1000 BUX,500 BUX,200 BUX,50 BUX
虎符,https://hoo.com/,D,0,1000 BUX,500 BUX,200 BUX,50 BUX
Z网,https://zbipt.com,D,0,1000 BUX,500 BUX,200 BUX,50 BUX
Kdax.pro,https://www.kdax.pro/,D,0,1000 BUX,500 BUX,200 BUX,50 BUX
炒客网,https://www.chaoex.info,D,0,1000 BUX,500 BUX,200 BUX,50 BUX
比特可乐,https://www.bitcola.io/,D,0,1000 BUX,500 BUX,200 BUX,50 BUX
BTC Alpha,https://btc-alpha.com/,D,0,1000 BUX,500 BUX,200 BUX,50 BUX
ABEX,https://www.abexb.com/,D,0,1000 BUX,500 BUX,200 BUX,50 BUX
PK.TOP,https://www.pk.top/,D,0,1000 BUX,500 BUX,200 BUX,50 BUX
ABCC,https://abcc.com/,D,0,1000 BUX,500 BUX,200 BUX,50 BUX
BaseFEX,https://www.basefex.com/,D,0,1000 BUX,500 BUX,200 BUX,50 BUX
Allcoin,https://www.allcoinex.io,D,0,1000 BUX,500 BUX,200 BUX,50 BUX
OkCoin国际,https://www.okcoin.com,D,0,1000 BUX,500 BUX,200 BUX,50 BUX
TOK.COM,https://www.tok.com,D,0,1000 BUX,500 BUX,200 BUX,50 BUX
BiClub,https://www.biclub.io/,D,0,1000 BUX,500 BUX,200 BUX,50 BUX
Bitgogo,https://www.bitgogo.com/,D,0,1000 BUX,500 BUX,200 BUX,50 BUX
VBITEX,https://www.vbitex.com/,D,0,1000 BUX,500 BUX,200 BUX,50 BUX
Biger,https://www.biger.pro/,D,0,1000 BUX,500 BUX,200 BUX,50 BUX
EOKEX,https://trade.eokex.co/,D,0,1000 BUX,500 BUX,200 BUX,50 BUX
SFEX,https://sfex.net/,D,0,1000 BUX,500 BUX,200 BUX,50 BUX
Dididu,https://www.dididu.com/,D,0,1000 BUX,500 BUX,200 BUX,50 BUX
BitBay,https://bitbay.net,D,0,1000 BUX,500 BUX,200 BUX,50 BUX
FEX,https://fexpro.net/,D,0,1000 BUX,500 BUX,200 BUX,50 BUX
玩客家,http://www.wkj.link/,D,0,1000 BUX,500 BUX,200 BUX,50 BUX
币链网,https://www.btcbl.com/,D,0,1000 BUX,500 BUX,200 BUX,50 BUX
VBcoin,http://vbcoin.ooo/,D,0,1000 BUX,500 BUX,200 BUX,50 BUX
Livecoin,https://www.livecoin.net/,D,0,1000 BUX,500 BUX,200 BUX,50 BUX
itBit,https://www.itbit.com,D,0,1000 BUX,500 BUX,200 BUX,50 BUX
ZB MEGA,https://www.zbm.com,D,0,1000 BUX,500 BUX,200 BUX,50 BUX
比特天猫,https://bttmall.com/,D,0,1000 BUX,500 BUX,200 BUX,50 BUX
檀香,https://www.txb.com/,D,0,1000 BUX,500 BUX,200 BUX,50 BUX
BBX,https://www.bbx.com/,D,0,1000 BUX,500 BUX,200 BUX,50 BUX
Bitsoda,https://bitsoda.com/,D,0,1000 BUX,500 BUX,200 BUX,50 BUX
百得,https://www.betterex.top/,D,0,1000 BUX,500 BUX,200 BUX,50 BUX
Mercatox,https://mercatox.com/,D,0,1000 BUX,500 BUX,200 BUX,50 BUX
DBOSS,https://www.dboss.vip/,D,0,1000 BUX,500 BUX,200 BUX,50 BUX
鲸交所,https://w.whaleex.com.cn/,D,0,1000 BUX,500 BUX,200 BUX,50 BUX
Bitsdaq,https://bitsdaq.com/,D,0,1000 BUX,500 BUX,200 BUX,50 BUX
UNE,https://www.unec.pro/,D,0,1000 BUX,500 BUX,200 BUX,50 BUX
BIVIP,https://www.bivip.com/,D,0,1000 BUX,500 BUX,200 BUX,50 BUX
U8,https://www.u8.com/,D,0,1000 BUX,500 BUX,200 BUX,50 BUX
BTCMEX,https://www.btcmex.com,D,0,1000 BUX,500 BUX,200 BUX,50 BUX
STEX,https://www.stex.com,D,0,1000 BUX,500 BUX,200 BUX,50 BUX
云币全球,https://ybg.one/,D,0,1000 BUX,500 BUX,200 BUX,50 BUX
BTCTurk,https://www.btcturk.com,D,0,1000 BUX,500 BUX,200 BUX,50 BUX
英国交易所,https://ukex.com,D,0,1000 BUX,500 BUX,200 BUX,50 BUX
泰好交易所,https://www.twcx.io,D,0,1000 BUX,500 BUX,200 BUX,50 BUX
WinMax,https://www.winmax.me/,D,0,1000 BUX,500 BUX,200 BUX,50 BUX
找币,https://www.zhaobi.com/,D,0,1000 BUX,500 BUX,200 BUX,50 BUX
PIEXGO,https://www.piexgo.com/,D,0,1000 BUX,500 BUX,200 BUX,50 BUX
24MEX,https://24mex.com/,D,0,1000 BUX,500 BUX,200 BUX,50 BUX
DDEX,https://ddex.io/,D,0,1000 BUX,500 BUX,200 BUX,50 BUX
CoinPark,https://www.coinpark.com/,D,0,1000 BUX,500 BUX,200 BUX,50 BUX
Wall Streetex,https://www.wsex.cc/,D,0,1000 BUX,500 BUX,200 BUX,50 BUX
Victcoin,https://www.victcoin.com/,D,0,1000 BUX,500 BUX,200 BUX,50 BUX
C2CX,https://www.c2cx.me/,D,0,1000 BUX,500 BUX,200 BUX,50 BUX
BT,https://bt.gold/,D,0,1000 BUX,500 BUX,200 BUX,50 BUX
7EBIT,http://www.7ebit.net/,D,0,1000 BUX,500 BUX,200 BUX,50 BUX
Cbob,http://www.cbob.pro/,D,0,1000 BUX,500 BUX,200 BUX,50 BUX
EX.cash,http://www.ex.cash/,D,0,1000 BUX,500 BUX,200 BUX,50 BUX
PandaCoin,https://www.pandacoin.cc,D,0,1000 BUX,500 BUX,200 BUX,50 BUX
BI ecology,https://www.bib.io/,D,0,1000 BUX,500 BUX,200 BUX,50 BUX
MAX,https://max.maicoin.com/,D,0,1000 BUX,500 BUX,200 BUX,50 BUX
VDSEX,https://www.vdsex.com/,D,0,1000 BUX,500 BUX,200 BUX,50 BUX
OFEX,https://ofex.kr/,D,0,1000 BUX,500 BUX,200 BUX,50 BUX
Bitso,https://bitso.com,D,0,1000 BUX,500 BUX,200 BUX,50 BUX
Tokenpark,https://www.tokenpark.co/,D,0,1000 BUX,500 BUX,200 BUX,50 BUX
ExCraft,https://www.excraft.com/,D,0,1000 BUX,500 BUX,200 BUX,50 BUX
EzcoinPro,https://www.ezcoinpro.com/,D,0,1000 BUX,500 BUX,200 BUX,50 BUX
Bakkt,https://www.bakkt.com/,D,0,1000 BUX,500 BUX,200 BUX,50 BUX
Be.Top,https://www.be.top/,D,0,1000 BUX,500 BUX,200 BUX,50 BUX
ACX,https://acx.io/,D,0,1000 BUX,500 BUX,200 BUX,50 BUX
XOXOEX,https://www.xoxoex.com/,D,0,1000 BUX,500 BUX,200 BUX,50 BUX
xBTCe,https://www.xbtce.com/,D,0,1000 BUX,500 BUX,200 BUX,50 BUX
S网,https://s.top/,D,0,1000 BUX,500 BUX,200 BUX,50 BUX
PICKCOIN,https://www.pickcoin.pro/,D,0,1000 BUX,500 BUX,200 BUX,50 BUX
DSX,https://dsx.uk,D,0,1000 BUX,500 BUX,200 BUX,50 BUX
以飞交易所,https://www.yifei.pro/,D,0,1000 BUX,500 BUX,200 BUX,50 BUX
CREX24,https://crex24.com/,D,0,1000 BUX,500 BUX,200 BUX,50 BUX
BOOMEX,https://www.boomex.io/,D,0,1000 BUX,500 BUX,200 BUX,50 BUX
YouBank,https://www.kinmall.co/,D,0,1000 BUX,500 BUX,200 BUX,50 BUX
GDEX,https://www.gdex.io/,D,0,1000 BUX,500 BUX,200 BUX,50 BUX
MISSIMX,https://www.missimx.com,D,0,1000 BUX,500 BUX,200 BUX,50 BUX
Tidex,https://tidex.com/,D,0,1000 BUX,500 BUX,200 BUX,50 BUX
链易,https://ce.cool/,D,0,1000 BUX,500 BUX,200 BUX,50 BUX
币为,https://www.btcdo.com/,D,0,1000 BUX,500 BUX,200 BUX,50 BUX
Newdex,https://newdex.io/,D,0,1000 BUX,500 BUX,200 BUX,50 BUX
币易,http://www.coinyee.pro,D,0,1000 BUX,500 BUX,200 BUX,50 BUX
Kuna,https://kuna.io,D,0,1000 BUX,500 BUX,200 BUX,50 BUX
Switcheo Network,https://switcheo.network/,D,0,1000 BUX,500 BUX,200 BUX,50 BUX
币宝,https://www.bibo.gold/,D,0,1000 BUX,500 BUX,200 BUX,50 BUX
Bleutrade,https://bleutrade.com,D,0,1000 BUX,500 BUX,200 BUX,50 BUX
ViteX,https://vitex.net,D,0,1000 BUX,500 BUX,200 BUX,50 BUX
笔加索,https://www.bjs.ai,D,0,1000 BUX,500 BUX,200 BUX,50 BUX
Trade Satoshi,https://tradesatoshi.com/,D,0,1000 BUX,500 BUX,200 BUX,50 BUX
Bisq,https://bisq.network/,D,0,1000 BUX,500 BUX,200 BUX,50 BUX
CoinFalcon,https://coinfalcon.com/,D,0,1000 BUX,500 BUX,200 BUX,50 BUX
SouthXchange,https://www.southxchange.com/,D,0,1000 BUX,500 BUX,200 BUX,50 BUX
OTCBTC,https://otcbtc.com,D,0,1000 BUX,500 BUX,200 BUX,50 BUX
Fisco,https://fcce.jp,D,0,1000 BUX,500 BUX,200 BUX,50 BUX
Dex.top,https://dex.top/,D,0,1000 BUX,500 BUX,200 BUX,50 BUX
Coingi,https://coingi.com/,D,0,1000 BUX,500 BUX,200 BUX,50 BUX
币次元,https://www.coinx.pro/,D,0,1000 BUX,500 BUX,200 BUX,50 BUX
影力所,http://www.inex.exchange/,D,0,1000 BUX,500 BUX,200 BUX,50 BUX
ETBOX,https://www.etbox.com,D,0,1000 BUX,500 BUX,200 BUX,50 BUX
KKEX,https://kkex.com,D,0,1000 BUX,500 BUX,200 BUX,50 BUX
Lermex,http://www.lermex.cn/,D,0,1000 BUX,500 BUX,200 BUX,50 BUX
持币网,https://www.keepbtc.net/,D,0,1000 BUX,500 BUX,200 BUX,50 BUX
Koinex,https://koinex.in/,D,0,1000 BUX,500 BUX,200 BUX,50 BUX
Koinim,https://koinim.com/,D,0,1000 BUX,500 BUX,200 BUX,50 BUX
Korbit,https://www.korbit.co.kr,D,0,1000 BUX,500 BUX,200 BUX,50 BUX
LakeBTC,https://lakebtc.com,D,0,1000 BUX,500 BUX,200 BUX,50 BUX
乐币网,https://www.lcex.io,D,0,1000 BUX,500 BUX,200 BUX,50 BUX
LEOxChange,https://leoxchange.com/,D,0,1000 BUX,500 BUX,200 BUX,50 BUX
蚁币,https://www.maye.io,D,0,1000 BUX,500 BUX,200 BUX,50 BUX
LiteBit.eu,https://www.litebit.eu/,D,0,1000 BUX,500 BUX,200 BUX,50 BUX
龙阁,https://www.longex.me,D,0,1000 BUX,500 BUX,200 BUX,50 BUX
Lykke Exchange,https://lykke.com/exchange.php,D,0,1000 BUX,500 BUX,200 BUX,50 BUX
ISX,https://beta.isx.is,D,0,1000 BUX,500 BUX,200 BUX,50 BUX
Mercado Bitcoin,https://www.mercadobitcoin.com.br/,D,0,1000 BUX,500 BUX,200 BUX,50 BUX
Negocie Coins,http://www.negociecoins.com.br/,D,0,1000 BUX,500 BUX,200 BUX,50 BUX
NGOEX,https://www.ngoex.com/,D,0,1000 BUX,500 BUX,200 BUX,50 BUX
Nocks,https://nocks.co/,D,0,1000 BUX,500 BUX,200 BUX,50 BUX
金币,https://jbex.world/,D,0,1000 BUX,500 BUX,200 BUX,50 BUX
Independent Reserve,https://www.independentreserve.com,D,0,1000 BUX,500 BUX,200 BUX,50 BUX
即刻,https://www.instantex.io/,D,0,1000 BUX,500 BUX,200 BUX,50 BUX
加勒比H网,http://hht.one/,D,0,1000 BUX,500 BUX,200 BUX,50 BUX
ForkDelta,https://forkdelta.app,D,0,1000 BUX,500 BUX,200 BUX,50 BUX
FreiExchange,https://freiexchange.com/,D,0,1000 BUX,500 BUX,200 BUX,50 BUX
GAAR,https://s4.gaexpro.net/,D,0,1000 BUX,500 BUX,200 BUX,50 BUX
全球资产,https://www.gaex.one/,D,0,1000 BUX,500 BUX,200 BUX,50 BUX
网关,https://www.gatehub.net/,D,0,1000 BUX,500 BUX,200 BUX,50 BUX
谷得,https://good.top/,D,0,1000 BUX,500 BUX,200 BUX,50 BUX
GuldenTrader,https://guldentrader.com/,D,0,1000 BUX,500 BUX,200 BUX,50 BUX
哈希交易所,https://www.hashwang.net/,D,0,1000 BUX,500 BUX,200 BUX,50 BUX
InfinityCoin Exchange,https://infinitycoin.exchange,D,0,1000 BUX,500 BUX,200 BUX,50 BUX
汇币网,https://www.hb.top/,D,0,1000 BUX,500 BUX,200 BUX,50 BUX
Heat Wallet,https://heatwallet.com/,D,0,1000 BUX,500 BUX,200 BUX,50 BUX
hellobts,https://www.hellobts.com/,D,0,1000 BUX,500 BUX,200 BUX,50 BUX
HEX,https://www.hex.com/,D,0,1000 BUX,500 BUX,200 BUX,50 BUX
火币韩国站,https://www.huobi.co.kr/,D,0,1000 BUX,500 BUX,200 BUX,50 BUX
IDEX,https://idex.market,D,0,1000 BUX,500 BUX,200 BUX,50 BUX
OEX全球站,https://www.oex.com/,D,0,1000 BUX,500 BUX,200 BUX,50 BUX
Novaexchange,https://novaexchange.com/,D,0,1000 BUX,500 BUX,200 BUX,50 BUX
橘子数字资产,http://web.ogsrc.com/,D,0,1000 BUX,500 BUX,200 BUX,50 BUX
OK-BIT,https://ok-bit.com,D,0,1000 BUX,500 BUX,200 BUX,50 BUX
VNBIG,http://www.vnbig.com/,D,0,1000 BUX,500 BUX,200 BUX,50 BUX
天天国际,http://www.ttex.pro/,D,0,1000 BUX,500 BUX,200 BUX,50 BUX
Tux Exchange,https://tuxexchange.com/,D,0,1000 BUX,500 BUX,200 BUX,50 BUX
Ubit,https://www.ubitvip.com/,D,0,1000 BUX,500 BUX,200 BUX,50 BUX
UEX,http://www.uex.com/,D,0,1000 BUX,500 BUX,200 BUX,50 BUX
澳洲U网,https://www.ucoin.pw,D,0,1000 BUX,500 BUX,200 BUX,50 BUX
USADAE,https://www.usadae.com/,D,0,1000 BUX,500 BUX,200 BUX,50 BUX
VIP交易所,https://www.vipcoin.com/,D,0,1000 BUX,500 BUX,200 BUX,50 BUX
VVEX,https://www.vvex.love/,D,0,1000 BUX,500 BUX,200 BUX,50 BUX
Tripe Dice Exchange,https://mydicewallet.com,D,0,1000 BUX,500 BUX,200 BUX,50 BUX
WanShare,https://www.wanshare.com/,D,0,1000 BUX,500 BUX,200 BUX,50 BUX
Waves Decentralized Exchange,http://www.wavesplatform.com/,D,0,1000 BUX,500 BUX,200 BUX,50 BUX
新比特交易所,http://www.xbtc.cx/,D,0,1000 BUX,500 BUX,200 BUX,50 BUX
XTRA,https://www.xtraex.com/,D,0,1000 BUX,500 BUX,200 BUX,50 BUX
讯齐,https://www.xunq.net,D,0,1000 BUX,500 BUX,200 BUX,50 BUX
YEX,https://yex.com/,D,0,1000 BUX,500 BUX,200 BUX,50 BUX
Zebpay,http://www.zebpay.com/,D,0,1000 BUX,500 BUX,200 BUX,50 BUX
TRXMarket,https://trx.market,D,0,1000 BUX,500 BUX,200 BUX,50 BUX
TREX,https://www.trex-t.com/,D,0,1000 BUX,500 BUX,200 BUX,50 BUX
OkCoin韩国站,https://www.okcoinkr.com/,D,0,1000 BUX,500 BUX,200 BUX,50 BUX
PRDAE,https://www.prdae.me/,D,0,1000 BUX,500 BUX,200 BUX,50 BUX
OpenLedger DEX,https://openledger.io,D,0,1000 BUX,500 BUX,200 BUX,50 BUX
Ore.Bz,https://ore.bz/,D,0,1000 BUX,500 BUX,200 BUX,50 BUX
火币点对点平台,https://otc.huobi.pro,D,0,1000 BUX,500 BUX,200 BUX,50 BUX
P2PB2B,https://p2pb2b.io/,D,0,1000 BUX,500 BUX,200 BUX,50 BUX
ExNow,https://www.exnow.com/,D,0,1000 BUX,500 BUX,200 BUX,50 BUX
Paribu,https://www.paribu.com/,D,0,1000 BUX,500 BUX,200 BUX,50 BUX
Park.one,https://www.park.one,D,0,1000 BUX,500 BUX,200 BUX,50 BUX
紫牛币交所,https://www.purcow.io/,D,0,1000 BUX,500 BUX,200 BUX,50 BUX
9158交易所,http://www.topbtch.com/,D,0,1000 BUX,500 BUX,200 BUX,50 BUX
Ripple China,http://ripplechina.net/,D,0,1000 BUX,500 BUX,200 BUX,50 BUX
Rootrex,https://www.rootrex.com,D,0,1000 BUX,500 BUX,200 BUX,50 BUX
Simex,https://simex.global/ru,D,0,1000 BUX,500 BUX,200 BUX,50 BUX
Stellar Decentralized Exchange,https://stellarterm.com/#markets,D,0,1000 BUX,500 BUX,200 BUX,50 BUX
Buda,https://www.buda.com/,D,0,1000 BUX,500 BUX,200 BUX,50 BUX
The Rock Trading,https://therocktrading.com,D,0,1000 BUX,500 BUX,200 BUX,50 BUX
Tidebit,https://www.tidebit.com,D,0,1000 BUX,500 BUX,200 BUX,50 BUX
币贝交易所,https://www.exshell.com/,D,0,1000 BUX,500 BUX,200 BUX,50 BUX
Bitsane,https://bitsane.com,D,0,1000 BUX,500 BUX,200 BUX,50 BUX
Exchain,https://www.exchain.com,D,0,1000 BUX,500 BUX,200 BUX,50 BUX
Bitlish,https://bitlish.com/,D,0,1000 BUX,500 BUX,200 BUX,50 BUX
币币网,https://www.bitbitx.com/,D,0,1000 BUX,500 BUX,200 BUX,50 BUX
Indodax,https://indodax.com/,D,0,1000 BUX,500 BUX,200 BUX,50 BUX
BitcoinToYou,https://www.bitcointoyou.com/,D,0,1000 BUX,500 BUX,200 BUX,50 BUX
Bitex.la,https://bitex.la,D,0,1000 BUX,500 BUX,200 BUX,50 BUX
BitFlip,https://bitflip.li/,D,0,1000 BUX,500 BUX,200 BUX,50 BUX
Bithumb DEX,https://www.bithumb.io/,D,0,1000 BUX,500 BUX,200 BUX,50 BUX
BITINFI,https://web.bitinfi.com/,D,0,1000 BUX,500 BUX,200 BUX,50 BUX
BitMarket,https://www.bitmarket.net/,D,0,1000 BUX,500 BUX,200 BUX,50 BUX
Bit2C,https://www.bit2c.co.il,D,0,1000 BUX,500 BUX,200 BUX,50 BUX
Bitmaszyna,https://bitmaszyna.pl/,D,0,1000 BUX,500 BUX,200 BUX,50 BUX
Bitonic,https://bitonic.nl,D,0,1000 BUX,500 BUX,200 BUX,50 BUX
Bittylicious,https://bittylicious.com,D,0,1000 BUX,500 BUX,200 BUX,50 BUX
币扬,http://www.bityoung.com/,D,0,1000 BUX,500 BUX,200 BUX,50 BUX
BKOEX,https://www.bkhlyi.com/,D,0,1000 BUX,500 BUX,200 BUX,50 BUX
BL3P,https://bl3p.eu,D,0,1000 BUX,500 BUX,200 BUX,50 BUX
BMA,https://s4.bmaclub.com/,D,0,1000 BUX,500 BUX,200 BUX,50 BUX
币龙网,https://www.bitalong.com/,D,0,1000 BUX,500 BUX,200 BUX,50 BUX
币昇,https://www.bisheng.top,D,0,1000 BUX,500 BUX,200 BUX,50 BUX
BNX,https://bnx.one/,D,0,1000 BUX,500 BUX,200 BUX,50 BUX
A.mom,https://a.mom/,D,0,1000 BUX,500 BUX,200 BUX,50 BUX
55资产网络,https://www.55.com,D,0,1000 BUX,500 BUX,200 BUX,50 BUX
阿格斯,https://acdex.io,D,0,1000 BUX,500 BUX,200 BUX,50 BUX
ADAF,https://exchange.sinocoin.io,D,0,1000 BUX,500 BUX,200 BUX,50 BUX
阿格拉斯,http://a.glass/,D,0,1000 BUX,500 BUX,200 BUX,50 BUX
AI交易所,https://www.aicexc.com/,D,0,1000 BUX,500 BUX,200 BUX,50 BUX
AidosMarket,https://aidosmarket.com,D,0,1000 BUX,500 BUX,200 BUX,50 BUX
Altcoin Trader,https://www.altcointrader.co.za,D,0,1000 BUX,500 BUX,200 BUX,50 BUX
ANT Coin,http://www.antcoin.pro/,D,0,1000 BUX,500 BUX,200 BUX,50 BUX
CoinBest,http://coinbest.pro/,D,0,1000 BUX,500 BUX,200 BUX,50 BUX
B2BX,https://www.b2bx.exchange/,D,0,1000 BUX,500 BUX,200 BUX,50 BUX
币森,https://www.becent.com,D,0,1000 BUX,500 BUX,200 BUX,50 BUX
币特,http://bestbc.io/,D,0,1000 BUX,500 BUX,200 BUX,50 BUX
Bibit,https://www.bibit.io/,D,0,1000 BUX,500 BUX,200 BUX,50 BUX
比特网,http://www.bitewang.com,D,0,1000 BUX,500 BUX,200 BUX,50 BUX
币阁,https://www.bige.top/,D,0,1000 BUX,500 BUX,200 BUX,50 BUX
Bingbon,https://bingbon.pro/,D,0,1000 BUX,500 BUX,200 BUX,50 BUX
Bancor Network,https://www.bancor.network/,D,0,1000 BUX,500 BUX,200 BUX,50 BUX
BoxEx,https://ex.btcbox.com/,D,0,1000 BUX,500 BUX,200 BUX,50 BUX
ETF,http://www.rcbok.com,D,0,1000 BUX,500 BUX,200 BUX,50 BUX
酷币,https://www.coolcoin.com,D,0,1000 BUX,500 BUX,200 BUX,50 BUX
Coinmarket,https://coinmarket.xyz/,D,0,1000 BUX,500 BUX,200 BUX,50 BUX
CoinMate,https://coinmate.io,D,0,1000 BUX,500 BUX,200 BUX,50 BUX
Coinrail,https://coinrail.co.kr,D,0,1000 BUX,500 BUX,200 BUX,50 BUX
Coinrate,https://coinrate.net/,D,0,1000 BUX,500 BUX,200 BUX,50 BUX
CoinsBank,https://coinsbank.com/,D,0,1000 BUX,500 BUX,200 BUX,50 BUX
Coinsquare,https://coinsquare.io/,D,0,1000 BUX,500 BUX,200 BUX,50 BUX
CoinX,https://coinx.im,D,0,1000 BUX,500 BUX,200 BUX,50 BUX
CryptoBridge,https://crypto-bridge.org,D,0,1000 BUX,500 BUX,200 BUX,50 BUX
Coinfloor,http://coinfloor.co.uk/,D,0,1000 BUX,500 BUX,200 BUX,50 BUX
CryptoGro,https://www.cryptogro.com/,D,0,1000 BUX,500 BUX,200 BUX,50 BUX
CryptoMarket,https://www.cryptomkt.com,D,0,1000 BUX,500 BUX,200 BUX,50 BUX
Cryptomate,https://cryptomate.co.uk,D,0,1000 BUX,500 BUX,200 BUX,50 BUX
DCPPlus,https://www.dcpplus.com/,D,0,1000 BUX,500 BUX,200 BUX,50 BUX
DeBi,https://www.debi.com/,D,0,1000 BUX,500 BUX,200 BUX,50 BUX
Dgtmarket,https://exchange.dgtmarket.com/,D,0,1000 BUX,500 BUX,200 BUX,50 BUX
EasyCoin,https://www.easycoin.pl/,D,0,1000 BUX,500 BUX,200 BUX,50 BUX
币咖,https://www.coinka.com/,D,0,1000 BUX,500 BUX,200 BUX,50 BUX
CoinFLEX,https://coinflex.com/,D,0,1000 BUX,500 BUX,200 BUX,50 BUX
比特兄弟,https://www.btb.com/,D,0,1000 BUX,500 BUX,200 BUX,50 BUX
畅思,https://ichaince.com/,D,0,1000 BUX,500 BUX,200 BUX,50 BUX
BTC Markets,https://btcmarkets.net/,D,0,1000 BUX,500 BUX,200 BUX,50 BUX
BTC Trade UA,https://btc-trade.com.ua/,D,0,1000 BUX,500 BUX,200 BUX,50 BUX
Btcwinex,https://www.btcwinex.com/,D,0,1000 BUX,500 BUX,200 BUX,50 BUX
币旺,http://www.bwlex.com/,D,0,1000 BUX,500 BUX,200 BUX,50 BUX
BX Thailand,https://bx.in.th,D,0,1000 BUX,500 BUX,200 BUX,50 BUX
BYEX,https://www.byex.io,D,0,1000 BUX,500 BUX,200 BUX,50 BUX
CEX.IO,https://cex.io,D,0,1000 BUX,500 BUX,200 BUX,50 BUX
炒币网,https://www.chaobi.com/,D,0,1000 BUX,500 BUX,200 BUX,50 BUX
CoinFit,https://www.coinfit.io/,D,0,1000 BUX,500 BUX,200 BUX,50 BUX
CIEX,https://www.ciex.io/,D,0,1000 BUX,500 BUX,200 BUX,50 BUX
柯宾汉,https://www.cobinhood.com/,D,0,1000 BUX,500 BUX,200 BUX,50 BUX
COIEX,https://coiex.io/,D,0,1000 BUX,500 BUX,200 BUX,50 BUX
CoinBBT,http://www.coinbbt.com/,D,0,1000 BUX,500 BUX,200 BUX,50 BUX
Coinbkb,https://www.coinbkb.com/,D,0,1000 BUX,500 BUX,200 BUX,50 BUX
Coinchel,https://coinchel.com/,D,0,1000 BUX,500 BUX,200 BUX,50 BUX
CoinExchange,https://www.coinexchange.io/,D,0,1000 BUX,500 BUX,200 BUX,50 BUX
ZGK,https://www.zgk.com/,D,0,1000 BUX,500 BUX,200 BUX,50 BUX
